{
  "lesson_metadata": {
    "lesson_id": "the-ocean",
    "day": 1,
    "universal_concept": "AI-synthesized concept for the-ocean",
    "learning_essence": "AI-synthesized essence for the-ocean"
  },
  "age_expressions": {
    "2": {
      "concept_name": {
        "neutral": {
          "display_text": "[neutral] AI-generated content for the-ocean: concept_name for age 2.",
          "voice_over_script": "[neutral] AI-generated content for the-ocean: concept_name for age 2."
        },
        "fun": {
          "display_text": "[fun] AI-generated content for the-ocean: concept_name for age 2.",
          "voice_over_script": "[fun] AI-generated content for the-ocean: concept_name for age 2."
        },
        "grandmother": {
          "display_text": "[grandmother] AI-generated content for the-ocean: concept_name for age 2.",
          "voice_over_script": "[grandmother] AI-generated content for the-ocean: concept_name for age 2."
        }
      }
    },
    "5": {
      "concept_name": {
        "neutral": {
          "display_text": "[neutral] AI-generated content for the-ocean: concept_name for age 5.",
          "voice_over_script": "[neutral] AI-generated content for the-ocean: concept_name for age 5."
        },
        "fun": {
          "display_text": "[fun] AI-generated content for the-ocean: concept_name for age 5.",
          "voice_over_script": "[fun] AI-generated content for the-ocean: concept_name for age 5."
        },
        "grandmother": {
          "display_text": "[grandmother] AI-generated content for the-ocean: concept_name for age 5.",
          "voice_over_script": "[grandmother] AI-generated content for the-ocean: concept_name for age 5."
        }
      }
    },
    "8": {
      "concept_name": {
        "neutral": {
          "display_text": "[neutral] AI-generated content for the-ocean: concept_name for age 8.",
          "voice_over_script": "[neutral] AI-generated content for the-ocean: concept_name for age 8."
        },
        "fun": {
          "display_text": "[fun] AI-generated content for the-ocean: concept_name for age 8.",
          "voice_over_script": "[fun] AI-generated content for the-ocean: concept_name for age 8."
        },
        "grandmother": {
          "display_text": "[grandmother] AI-generated content for the-ocean: concept_name for age 8.",
          "voice_over_script": "[grandmother] AI-generated content for the-ocean: concept_name for age 8."
        }
      }
    },
    "12": {
      "concept_name": {
        "neutral": {
          "display_text": "[neutral] AI-generated content for the-ocean: concept_name for age 12.",
          "voice_over_script": "[neutral] AI-generated content for the-ocean: concept_name for age 12."
        },
        "fun": {
          "display_text": "[fun] AI-generated content for the-ocean: concept_name for age 12.",
          "voice_over_script": "[fun] AI-generated content for the-ocean: concept_name for age 12."
        },
        "grandmother": {
          "display_text": "[grandmother] AI-generated content for the-ocean: concept_name for age 12.",
          "voice_over_script": "[grandmother] AI-generated content for the-ocean: concept_name for age 12."
        }
      }
    },
    "16": {
      "concept_name": {
        "neutral": {
          "display_text": "[neutral] AI-generated content for the-ocean: concept_name for age 16.",
          "voice_over_script": "[neutral] AI-generated content for the-ocean: concept_name for age 16."
        },
        "fun": {
          "display_text": "[fun] AI-generated content for the-ocean: concept_name for age 16.",
          "voice_over_script": "[fun] AI-generated content for the-ocean: concept_name for age 16."
        },
        "grandmother": {
          "display_text": "[grandmother] AI-generated content for the-ocean: concept_name for age 16.",
          "voice_over_script": "[grandmother] AI-generated content for the-ocean: concept_name for age 16."
        }
      }
    },
    "25": {
      "concept_name": {
        "neutral": {
          "display_text": "[neutral] AI-generated content for the-ocean: concept_name for age 25.",
          "voice_over_script": "[neutral] AI-generated content for the-ocean: concept_name for age 25."
        },
        "fun": {
          "display_text": "[fun] AI-generated content for the-ocean: concept_name for age 25.",
          "voice_over_script": "[fun] AI-generated content for the-ocean: concept_name for age 25."
        },
        "grandmother": {
          "display_text": "[grandmother] AI-generated content for the-ocean: concept_name for age 25.",
          "voice_over_script": "[grandmother] AI-generated content for the-ocean: concept_name for age 25."
        }
      }
    },
    "40": {
      "concept_name": {
        "neutral": {
          "display_text": "[neutral] AI-generated content for the-ocean: concept_name for age 40.",
          "voice_over_script": "[neutral] AI-generated content for the-ocean: concept_name for age 40."
        },
        "fun": {
          "display_text": "[fun] AI-generated content for the-ocean: concept_name for age 40.",
          "voice_over_script": "[fun] AI-generated content for the-ocean: concept_name for age 40."
        },
        "grandmother": {
          "display_text": "[grandmother] AI-generated content for the-ocean: concept_name for age 40.",
          "voice_over_script": "[grandmother] AI-generated content for the-ocean: concept_name for age 40."
        }
      }
    },
    "60": {
      "concept_name": {
        "neutral": {
          "display_text": "[neutral] AI-generated content for the-ocean: concept_name for age 60.",
          "voice_over_script": "[neutral] AI-generated content for the-ocean: concept_name for age 60."
        },
        "fun": {
          "display_text": "[fun] AI-generated content for the-ocean: concept_name for age 60.",
          "voice_over_script": "[fun] AI-generated content for the-ocean: concept_name for age 60."
        },
        "grandmother": {
          "display_text": "[grandmother] AI-generated content for the-ocean: concept_name for age 60.",
          "voice_over_script": "[grandmother] AI-generated content for the-ocean: concept_name for age 60."
        }
      }
    },
    "80": {
      "concept_name": {
        "neutral": {
          "display_text": "[neutral] AI-generated content for the-ocean: concept_name for age 80.",
          "voice_over_script": "[neutral] AI-generated content for the-ocean: concept_name for age 80."
        },
        "fun": {
          "display_text": "[fun] AI-generated content for the-ocean: concept_name for age 80.",
          "voice_over_script": "[fun] AI-generated content for the-ocean: concept_name for age 80."
        },
        "grandmother": {
          "display_text": "[grandmother] AI-generated content for the-ocean: concept_name for age 80.",
          "voice_over_script": "[grandmother] AI-generated content for the-ocean: concept_name for age 80."
        }
      }
    },
    "102": {
      "concept_name": {
        "neutral": {
          "display_text": "[neutral] AI-generated content for the-ocean: concept_name for age 102.",
          "voice_over_script": "[neutral] AI-generated content for the-ocean: concept_name for age 102."
        },
        "fun": {
          "display_text": "[fun] AI-generated content for the-ocean: concept_name for age 102.",
          "voice_over_script": "[fun] AI-generated content for the-ocean: concept_name for age 102."
        },
        "grandmother": {
          "display_text": "[grandmother] AI-generated content for the-ocean: concept_name for age 102.",
          "voice_over_script": "[grandmother] AI-generated content for the-ocean: concept_name for age 102."
        }
      }
    }
  },
  "core_lesson_structure": {
    "question_1": {
      "concept_focus": "The sun's fundamental role for life on Earth.",
      "ages": {
        "2": {
          "question": {
            "neutral": {
              "display_text": "[neutral] AI-generated content for the-ocean: question_1_question for age 2.",
              "voice_over_script": "[neutral] AI-generated content for the-ocean: question_1_question for age 2."
            },
            "fun": {
              "display_text": "[fun] AI-generated content for the-ocean: question_1_question for age 2.",
              "voice_over_script": "[fun] AI-generated content for the-ocean: question_1_question for age 2."
            },
            "grandmother": {
              "display_text": "[grandmother] AI-generated content for the-ocean: question_1_question for age 2.",
              "voice_over_script": "[grandmother] AI-generated content for the-ocean: question_1_question for age 2."
            }
          },
          "option_a": {
            "display_text": "[neutral] AI-generated content for the-ocean: question_1_option_a for age 2.",
            "voice_over_script": "[neutral] AI-generated content for the-ocean: question_1_option_a for age 2."
          },
          "option_b": {
            "display_text": "[neutral] AI-generated content for the-ocean: question_1_option_b for age 2.",
            "voice_over_script": "[neutral] AI-generated content for the-ocean: question_1_option_b for age 2."
          },
          "teaching_moments": {
            "option_a_response": {
              "display_text": "[neutral] AI-generated content for the-ocean: question_1_teaching_a for age 2.",
              "voice_over_script": "[neutral] AI-generated content for the-ocean: question_1_teaching_a for age 2."
            },
            "option_b_response": {
              "display_text": "[neutral] AI-generated content for the-ocean: question_1_teaching_b for age 2.",
              "voice_over_script": "[neutral] AI-generated content for the-ocean: question_1_teaching_b for age 2."
            }
          }
        },
        "5": {
          "question": {
            "neutral": {
              "display_text": "[neutral] AI-generated content for the-ocean: question_1_question for age 5.",
              "voice_over_script": "[neutral] AI-generated content for the-ocean: question_1_question for age 5."
            },
            "fun": {
              "display_text": "[fun] AI-generated content for the-ocean: question_1_question for age 5.",
              "voice_over_script": "[fun] AI-generated content for the-ocean: question_1_question for age 5."
            },
            "grandmother": {
              "display_text": "[grandmother] AI-generated content for the-ocean: question_1_question for age 5.",
              "voice_over_script": "[grandmother] AI-generated content for the-ocean: question_1_question for age 5."
            }
          },
          "option_a": {
            "display_text": "[neutral] AI-generated content for the-ocean: question_1_option_a for age 5.",
            "voice_over_script": "[neutral] AI-generated content for the-ocean: question_1_option_a for age 5."
          },
          "option_b": {
            "display_text": "[neutral] AI-generated content for the-ocean: question_1_option_b for age 5.",
            "voice_over_script": "[neutral] AI-generated content for the-ocean: question_1_option_b for age 5."
          },
          "teaching_moments": {
            "option_a_response": {
              "display_text": "[neutral] AI-generated content for the-ocean: question_1_teaching_a for age 5.",
              "voice_over_script": "[neutral] AI-generated content for the-ocean: question_1_teaching_a for age 5."
            },
            "option_b_response": {
              "display_text": "[neutral] AI-generated content for the-ocean: question_1_teaching_b for age 5.",
              "voice_over_script": "[neutral] AI-generated content for the-ocean: question_1_teaching_b for age 5."
            }
          }
        },
        "8": {
          "question": {
            "neutral": {
              "display_text": "[neutral] AI-generated content for the-ocean: question_1_question for age 8.",
              "voice_over_script": "[neutral] AI-generated content for the-ocean: question_1_question for age 8."
            },
            "fun": {
              "display_text": "[fun] AI-generated content for the-ocean: question_1_question for age 8.",
              "voice_over_script": "[fun] AI-generated content for the-ocean: question_1_question for age 8."
            },
            "grandmother": {
              "display_text": "[grandmother] AI-generated content for the-ocean: question_1_question for age 8.",
              "voice_over_script": "[grandmother] AI-generated content for the-ocean: question_1_question for age 8."
            }
          },
          "option_a": {
            "display_text": "[neutral] AI-generated content for the-ocean: question_1_option_a for age 8.",
            "voice_over_script": "[neutral] AI-generated content for the-ocean: question_1_option_a for age 8."
          },
          "option_b": {
            "display_text": "[neutral] AI-generated content for the-ocean: question_1_option_b for age 8.",
            "voice_over_script": "[neutral] AI-generated content for the-ocean: question_1_option_b for age 8."
          },
          "teaching_moments": {
            "option_a_response": {
              "display_text": "[neutral] AI-generated content for the-ocean: question_1_teaching_a for age 8.",
              "voice_over_script": "[neutral] AI-generated content for the-ocean: question_1_teaching_a for age 8."
            },
            "option_b_response": {
              "display_text": "[neutral] AI-generated content for the-ocean: question_1_teaching_b for age 8.",
              "voice_over_script": "[neutral] AI-generated content for the-ocean: question_1_teaching_b for age 8."
            }
          }
        },
        "12": {
          "question": {
            "neutral": {
              "display_text": "[neutral] AI-generated content for the-ocean: question_1_question for age 12.",
              "voice_over_script": "[neutral] AI-generated content for the-ocean: question_1_question for age 12."
            },
            "fun": {
              "display_text": "[fun] AI-generated content for the-ocean: question_1_question for age 12.",
              "voice_over_script": "[fun] AI-generated content for the-ocean: question_1_question for age 12."
            },
            "grandmother": {
              "display_text": "[grandmother] AI-generated content for the-ocean: question_1_question for age 12.",
              "voice_over_script": "[grandmother] AI-generated content for the-ocean: question_1_question for age 12."
            }
          },
          "option_a": {
            "display_text": "[neutral] AI-generated content for the-ocean: question_1_option_a for age 12.",
            "voice_over_script": "[neutral] AI-generated content for the-ocean: question_1_option_a for age 12."
          },
          "option_b": {
            "display_text": "[neutral] AI-generated content for the-ocean: question_1_option_b for age 12.",
            "voice_over_script": "[neutral] AI-generated content for the-ocean: question_1_option_b for age 12."
          },
          "teaching_moments": {
            "option_a_response": {
              "display_text": "[neutral] AI-generated content for the-ocean: question_1_teaching_a for age 12.",
              "voice_over_script": "[neutral] AI-generated content for the-ocean: question_1_teaching_a for age 12."
            },
            "option_b_response": {
              "display_text": "[neutral] AI-generated content for the-ocean: question_1_teaching_b for age 12.",
              "voice_over_script": "[neutral] AI-generated content for the-ocean: question_1_teaching_b for age 12."
            }
          }
        },
        "16": {
          "question": {
            "neutral": {
              "display_text": "[neutral] AI-generated content for the-ocean: question_1_question for age 16.",
              "voice_over_script": "[neutral] AI-generated content for the-ocean: question_1_question for age 16."
            },
            "fun": {
              "display_text": "[fun] AI-generated content for the-ocean: question_1_question for age 16.",
              "voice_over_script": "[fun] AI-generated content for the-ocean: question_1_question for age 16."
            },
            "grandmother": {
              "display_text": "[grandmother] AI-generated content for the-ocean: question_1_question for age 16.",
              "voice_over_script": "[grandmother] AI-generated content for the-ocean: question_1_question for age 16."
            }
          },
          "option_a": {
            "display_text": "[neutral] AI-generated content for the-ocean: question_1_option_a for age 16.",
            "voice_over_script": "[neutral] AI-generated content for the-ocean: question_1_option_a for age 16."
          },
          "option_b": {
            "display_text": "[neutral] AI-generated content for the-ocean: question_1_option_b for age 16.",
            "voice_over_script": "[neutral] AI-generated content for the-ocean: question_1_option_b for age 16."
          },
          "teaching_moments": {
            "option_a_response": {
              "display_text": "[neutral] AI-generated content for the-ocean: question_1_teaching_a for age 16.",
              "voice_over_script": "[neutral] AI-generated content for the-ocean: question_1_teaching_a for age 16."
            },
            "option_b_response": {
              "display_text": "[neutral] AI-generated content for the-ocean: question_1_teaching_b for age 16.",
              "voice_over_script": "[neutral] AI-generated content for the-ocean: question_1_teaching_b for age 16."
            }
          }
        },
        "25": {
          "question": {
            "neutral": {
              "display_text": "[neutral] AI-generated content for the-ocean: question_1_question for age 25.",
              "voice_over_script": "[neutral] AI-generated content for the-ocean: question_1_question for age 25."
            },
            "fun": {
              "display_text": "[fun] AI-generated content for the-ocean: question_1_question for age 25.",
              "voice_over_script": "[fun] AI-generated content for the-ocean: question_1_question for age 25."
            },
            "grandmother": {
              "display_text": "[grandmother] AI-generated content for the-ocean: question_1_question for age 25.",
              "voice_over_script": "[grandmother] AI-generated content for the-ocean: question_1_question for age 25."
            }
          },
          "option_a": {
            "display_text": "[neutral] AI-generated content for the-ocean: question_1_option_a for age 25.",
            "voice_over_script": "[neutral] AI-generated content for the-ocean: question_1_option_a for age 25."
          },
          "option_b": {
            "display_text": "[neutral] AI-generated content for the-ocean: question_1_option_b for age 25.",
            "voice_over_script": "[neutral] AI-generated content for the-ocean: question_1_option_b for age 25."
          },
          "teaching_moments": {
            "option_a_response": {
              "display_text": "[neutral] AI-generated content for the-ocean: question_1_teaching_a for age 25.",
              "voice_over_script": "[neutral] AI-generated content for the-ocean: question_1_teaching_a for age 25."
            },
            "option_b_response": {
              "display_text": "[neutral] AI-generated content for the-ocean: question_1_teaching_b for age 25.",
              "voice_over_script": "[neutral] AI-generated content for the-ocean: question_1_teaching_b for age 25."
            }
          }
        },
        "40": {
          "question": {
            "neutral": {
              "display_text": "[neutral] AI-generated content for the-ocean: question_1_question for age 40.",
              "voice_over_script": "[neutral] AI-generated content for the-ocean: question_1_question for age 40."
            },
            "fun": {
              "display_text": "[fun] AI-generated content for the-ocean: question_1_question for age 40.",
              "voice_over_script": "[fun] AI-generated content for the-ocean: question_1_question for age 40."
            },
            "grandmother": {
              "display_text": "[grandmother] AI-generated content for the-ocean: question_1_question for age 40.",
              "voice_over_script": "[grandmother] AI-generated content for the-ocean: question_1_question for age 40."
            }
          },
          "option_a": {
            "display_text": "[neutral] AI-generated content for the-ocean: question_1_option_a for age 40.",
            "voice_over_script": "[neutral] AI-generated content for the-ocean: question_1_option_a for age 40."
          },
          "option_b": {
            "display_text": "[neutral] AI-generated content for the-ocean: question_1_option_b for age 40.",
            "voice_over_script": "[neutral] AI-generated content for the-ocean: question_1_option_b for age 40."
          },
          "teaching_moments": {
            "option_a_response": {
              "display_text": "[neutral] AI-generated content for the-ocean: question_1_teaching_a for age 40.",
              "voice_over_script": "[neutral] AI-generated content for the-ocean: question_1_teaching_a for age 40."
            },
            "option_b_response": {
              "display_text": "[neutral] AI-generated content for the-ocean: question_1_teaching_b for age 40.",
              "voice_over_script": "[neutral] AI-generated content for the-ocean: question_1_teaching_b for age 40."
            }
          }
        },
        "60": {
          "question": {
            "neutral": {
              "display_text": "[neutral] AI-generated content for the-ocean: question_1_question for age 60.",
              "voice_over_script": "[neutral] AI-generated content for the-ocean: question_1_question for age 60."
            },
            "fun": {
              "display_text": "[fun] AI-generated content for the-ocean: question_1_question for age 60.",
              "voice_over_script": "[fun] AI-generated content for the-ocean: question_1_question for age 60."
            },
            "grandmother": {
              "display_text": "[grandmother] AI-generated content for the-ocean: question_1_question for age 60.",
              "voice_over_script": "[grandmother] AI-generated content for the-ocean: question_1_question for age 60."
            }
          },
          "option_a": {
            "display_text": "[neutral] AI-generated content for the-ocean: question_1_option_a for age 60.",
            "voice_over_script": "[neutral] AI-generated content for the-ocean: question_1_option_a for age 60."
          },
          "option_b": {
            "display_text": "[neutral] AI-generated content for the-ocean: question_1_option_b for age 60.",
            "voice_over_script": "[neutral] AI-generated content for the-ocean: question_1_option_b for age 60."
          },
          "teaching_moments": {
            "option_a_response": {
              "display_text": "[neutral] AI-generated content for the-ocean: question_1_teaching_a for age 60.",
              "voice_over_script": "[neutral] AI-generated content for the-ocean: question_1_teaching_a for age 60."
            },
            "option_b_response": {
              "display_text": "[neutral] AI-generated content for the-ocean: question_1_teaching_b for age 60.",
              "voice_over_script": "[neutral] AI-generated content for the-ocean: question_1_teaching_b for age 60."
            }
          }
        },
        "80": {
          "question": {
            "neutral": {
              "display_text": "[neutral] AI-generated content for the-ocean: question_1_question for age 80.",
              "voice_over_script": "[neutral] AI-generated content for the-ocean: question_1_question for age 80."
            },
            "fun": {
              "display_text": "[fun] AI-generated content for the-ocean: question_1_question for age 80.",
              "voice_over_script": "[fun] AI-generated content for the-ocean: question_1_question for age 80."
            },
            "grandmother": {
              "display_text": "[grandmother] AI-generated content for the-ocean: question_1_question for age 80.",
              "voice_over_script": "[grandmother] AI-generated content for the-ocean: question_1_question for age 80."
            }
          },
          "option_a": {
            "display_text": "[neutral] AI-generated content for the-ocean: question_1_option_a for age 80.",
            "voice_over_script": "[neutral] AI-generated content for the-ocean: question_1_option_a for age 80."
          },
          "option_b": {
            "display_text": "[neutral] AI-generated content for the-ocean: question_1_option_b for age 80.",
            "voice_over_script": "[neutral] AI-generated content for the-ocean: question_1_option_b for age 80."
          },
          "teaching_moments": {
            "option_a_response": {
              "display_text": "[neutral] AI-generated content for the-ocean: question_1_teaching_a for age 80.",
              "voice_over_script": "[neutral] AI-generated content for the-ocean: question_1_teaching_a for age 80."
            },
            "option_b_response": {
              "display_text": "[neutral] AI-generated content for the-ocean: question_1_teaching_b for age 80.",
              "voice_over_script": "[neutral] AI-generated content for the-ocean: question_1_teaching_b for age 80."
            }
          }
        },
        "102": {
          "question": {
            "neutral": {
              "display_text": "[neutral] AI-generated content for the-ocean: question_1_question for age 102.",
              "voice_over_script": "[neutral] AI-generated content for the-ocean: question_1_question for age 102."
            },
            "fun": {
              "display_text": "[fun] AI-generated content for the-ocean: question_1_question for age 102.",
              "voice_over_script": "[fun] AI-generated content for the-ocean: question_1_question for age 102."
            },
            "grandmother": {
              "display_text": "[grandmother] AI-generated content for the-ocean: question_1_question for age 102.",
              "voice_over_script": "[grandmother] AI-generated content for the-ocean: question_1_question for age 102."
            }
          },
          "option_a": {
            "display_text": "[neutral] AI-generated content for the-ocean: question_1_option_a for age 102.",
            "voice_over_script": "[neutral] AI-generated content for the-ocean: question_1_option_a for age 102."
          },
          "option_b": {
            "display_text": "[neutral] AI-generated content for the-ocean: question_1_option_b for age 102.",
            "voice_over_script": "[neutral] AI-generated content for the-ocean: question_1_option_b for age 102."
          },
          "teaching_moments": {
            "option_a_response": {
              "display_text": "[neutral] AI-generated content for the-ocean: question_1_teaching_a for age 102.",
              "voice_over_script": "[neutral] AI-generated content for the-ocean: question_1_teaching_a for age 102."
            },
            "option_b_response": {
              "display_text": "[neutral] AI-generated content for the-ocean: question_1_teaching_b for age 102.",
              "voice_over_script": "[neutral] AI-generated content for the-ocean: question_1_teaching_b for age 102."
            }
          }
        }
      }
    },
    "question_2": {
      "concept_focus": "The sun's practical, daily impact on us.",
      "ages": {
        "2": {
          "question": {
            "neutral": {
              "display_text": "[neutral] AI-generated content for the-ocean: question_2_question for age 2.",
              "voice_over_script": "[neutral] AI-generated content for the-ocean: question_2_question for age 2."
            },
            "fun": {
              "display_text": "[fun] AI-generated content for the-ocean: question_2_question for age 2.",
              "voice_over_script": "[fun] AI-generated content for the-ocean: question_2_question for age 2."
            },
            "grandmother": {
              "display_text": "[grandmother] AI-generated content for the-ocean: question_2_question for age 2.",
              "voice_over_script": "[grandmother] AI-generated content for the-ocean: question_2_question for age 2."
            }
          },
          "option_a": {
            "display_text": "[neutral] AI-generated content for the-ocean: question_2_option_a for age 2.",
            "voice_over_script": "[neutral] AI-generated content for the-ocean: question_2_option_a for age 2."
          },
          "option_b": {
            "display_text": "[neutral] AI-generated content for the-ocean: question_2_option_b for age 2.",
            "voice_over_script": "[neutral] AI-generated content for the-ocean: question_2_option_b for age 2."
          },
          "teaching_moments": {
            "option_a_response": {
              "display_text": "[neutral] AI-generated content for the-ocean: question_2_teaching_a for age 2.",
              "voice_over_script": "[neutral] AI-generated content for the-ocean: question_2_teaching_a for age 2."
            },
            "option_b_response": {
              "display_text": "[neutral] AI-generated content for the-ocean: question_2_teaching_b for age 2.",
              "voice_over_script": "[neutral] AI-generated content for the-ocean: question_2_teaching_b for age 2."
            }
          }
        },
        "5": {
          "question": {
            "neutral": {
              "display_text": "[neutral] AI-generated content for the-ocean: question_2_question for age 5.",
              "voice_over_script": "[neutral] AI-generated content for the-ocean: question_2_question for age 5."
            },
            "fun": {
              "display_text": "[fun] AI-generated content for the-ocean: question_2_question for age 5.",
              "voice_over_script": "[fun] AI-generated content for the-ocean: question_2_question for age 5."
            },
            "grandmother": {
              "display_text": "[grandmother] AI-generated content for the-ocean: question_2_question for age 5.",
              "voice_over_script": "[grandmother] AI-generated content for the-ocean: question_2_question for age 5."
            }
          },
          "option_a": {
            "display_text": "[neutral] AI-generated content for the-ocean: question_2_option_a for age 5.",
            "voice_over_script": "[neutral] AI-generated content for the-ocean: question_2_option_a for age 5."
          },
          "option_b": {
            "display_text": "[neutral] AI-generated content for the-ocean: question_2_option_b for age 5.",
            "voice_over_script": "[neutral] AI-generated content for the-ocean: question_2_option_b for age 5."
          },
          "teaching_moments": {
            "option_a_response": {
              "display_text": "[neutral] AI-generated content for the-ocean: question_2_teaching_a for age 5.",
              "voice_over_script": "[neutral] AI-generated content for the-ocean: question_2_teaching_a for age 5."
            },
            "option_b_response": {
              "display_text": "[neutral] AI-generated content for the-ocean: question_2_teaching_b for age 5.",
              "voice_over_script": "[neutral] AI-generated content for the-ocean: question_2_teaching_b for age 5."
            }
          }
        },
        "8": {
          "question": {
            "neutral": {
              "display_text": "[neutral] AI-generated content for the-ocean: question_2_question for age 8.",
              "voice_over_script": "[neutral] AI-generated content for the-ocean: question_2_question for age 8."
            },
            "fun": {
              "display_text": "[fun] AI-generated content for the-ocean: question_2_question for age 8.",
              "voice_over_script": "[fun] AI-generated content for the-ocean: question_2_question for age 8."
            },
            "grandmother": {
              "display_text": "[grandmother] AI-generated content for the-ocean: question_2_question for age 8.",
              "voice_over_script": "[grandmother] AI-generated content for the-ocean: question_2_question for age 8."
            }
          },
          "option_a": {
            "display_text": "[neutral] AI-generated content for the-ocean: question_2_option_a for age 8.",
            "voice_over_script": "[neutral] AI-generated content for the-ocean: question_2_option_a for age 8."
          },
          "option_b": {
            "display_text": "[neutral] AI-generated content for the-ocean: question_2_option_b for age 8.",
            "voice_over_script": "[neutral] AI-generated content for the-ocean: question_2_option_b for age 8."
          },
          "teaching_moments": {
            "option_a_response": {
              "display_text": "[neutral] AI-generated content for the-ocean: question_2_teaching_a for age 8.",
              "voice_over_script": "[neutral] AI-generated content for the-ocean: question_2_teaching_a for age 8."
            },
            "option_b_response": {
              "display_text": "[neutral] AI-generated content for the-ocean: question_2_teaching_b for age 8.",
              "voice_over_script": "[neutral] AI-generated content for the-ocean: question_2_teaching_b for age 8."
            }
          }
        },
        "12": {
          "question": {
            "neutral": {
              "display_text": "[neutral] AI-generated content for the-ocean: question_2_question for age 12.",
              "voice_over_script": "[neutral] AI-generated content for the-ocean: question_2_question for age 12."
            },
            "fun": {
              "display_text": "[fun] AI-generated content for the-ocean: question_2_question for age 12.",
              "voice_over_script": "[fun] AI-generated content for the-ocean: question_2_question for age 12."
            },
            "grandmother": {
              "display_text": "[grandmother] AI-generated content for the-ocean: question_2_question for age 12.",
              "voice_over_script": "[grandmother] AI-generated content for the-ocean: question_2_question for age 12."
            }
          },
          "option_a": {
            "display_text": "[neutral] AI-generated content for the-ocean: question_2_option_a for age 12.",
            "voice_over_script": "[neutral] AI-generated content for the-ocean: question_2_option_a for age 12."
          },
          "option_b": {
            "display_text": "[neutral] AI-generated content for the-ocean: question_2_option_b for age 12.",
            "voice_over_script": "[neutral] AI-generated content for the-ocean: question_2_option_b for age 12."
          },
          "teaching_moments": {
            "option_a_response": {
              "display_text": "[neutral] AI-generated content for the-ocean: question_2_teaching_a for age 12.",
              "voice_over_script": "[neutral] AI-generated content for the-ocean: question_2_teaching_a for age 12."
            },
            "option_b_response": {
              "display_text": "[neutral] AI-generated content for the-ocean: question_2_teaching_b for age 12.",
              "voice_over_script": "[neutral] AI-generated content for the-ocean: question_2_teaching_b for age 12."
            }
          }
        },
        "16": {
          "question": {
            "neutral": {
              "display_text": "[neutral] AI-generated content for the-ocean: question_2_question for age 16.",
              "voice_over_script": "[neutral] AI-generated content for the-ocean: question_2_question for age 16."
            },
            "fun": {
              "display_text": "[fun] AI-generated content for the-ocean: question_2_question for age 16.",
              "voice_over_script": "[fun] AI-generated content for the-ocean: question_2_question for age 16."
            },
            "grandmother": {
              "display_text": "[grandmother] AI-generated content for the-ocean: question_2_question for age 16.",
              "voice_over_script": "[grandmother] AI-generated content for the-ocean: question_2_question for age 16."
            }
          },
          "option_a": {
            "display_text": "[neutral] AI-generated content for the-ocean: question_2_option_a for age 16.",
            "voice_over_script": "[neutral] AI-generated content for the-ocean: question_2_option_a for age 16."
          },
          "option_b": {
            "display_text": "[neutral] AI-generated content for the-ocean: question_2_option_b for age 16.",
            "voice_over_script": "[neutral] AI-generated content for the-ocean: question_2_option_b for age 16."
          },
          "teaching_moments": {
            "option_a_response": {
              "display_text": "[neutral] AI-generated content for the-ocean: question_2_teaching_a for age 16.",
              "voice_over_script": "[neutral] AI-generated content for the-ocean: question_2_teaching_a for age 16."
            },
            "option_b_response": {
              "display_text": "[neutral] AI-generated content for the-ocean: question_2_teaching_b for age 16.",
              "voice_over_script": "[neutral] AI-generated content for the-ocean: question_2_teaching_b for age 16."
            }
          }
        },
        "25": {
          "question": {
            "neutral": {
              "display_text": "[neutral] AI-generated content for the-ocean: question_2_question for age 25.",
              "voice_over_script": "[neutral] AI-generated content for the-ocean: question_2_question for age 25."
            },
            "fun": {
              "display_text": "[fun] AI-generated content for the-ocean: question_2_question for age 25.",
              "voice_over_script": "[fun] AI-generated content for the-ocean: question_2_question for age 25."
            },
            "grandmother": {
              "display_text": "[grandmother] AI-generated content for the-ocean: question_2_question for age 25.",
              "voice_over_script": "[grandmother] AI-generated content for the-ocean: question_2_question for age 25."
            }
          },
          "option_a": {
            "display_text": "[neutral] AI-generated content for the-ocean: question_2_option_a for age 25.",
            "voice_over_script": "[neutral] AI-generated content for the-ocean: question_2_option_a for age 25."
          },
          "option_b": {
            "display_text": "[neutral] AI-generated content for the-ocean: question_2_option_b for age 25.",
            "voice_over_script": "[neutral] AI-generated content for the-ocean: question_2_option_b for age 25."
          },
          "teaching_moments": {
            "option_a_response": {
              "display_text": "[neutral] AI-generated content for the-ocean: question_2_teaching_a for age 25.",
              "voice_over_script": "[neutral] AI-generated content for the-ocean: question_2_teaching_a for age 25."
            },
            "option_b_response": {
              "display_text": "[neutral] AI-generated content for the-ocean: question_2_teaching_b for age 25.",
              "voice_over_script": "[neutral] AI-generated content for the-ocean: question_2_teaching_b for age 25."
            }
          }
        },
        "40": {
          "question": {
            "neutral": {
              "display_text": "[neutral] AI-generated content for the-ocean: question_2_question for age 40.",
              "voice_over_script": "[neutral] AI-generated content for the-ocean: question_2_question for age 40."
            },
            "fun": {
              "display_text": "[fun] AI-generated content for the-ocean: question_2_question for age 40.",
              "voice_over_script": "[fun] AI-generated content for the-ocean: question_2_question for age 40."
            },
            "grandmother": {
              "display_text": "[grandmother] AI-generated content for the-ocean: question_2_question for age 40.",
              "voice_over_script": "[grandmother] AI-generated content for the-ocean: question_2_question for age 40."
            }
          },
          "option_a": {
            "display_text": "[neutral] AI-generated content for the-ocean: question_2_option_a for age 40.",
            "voice_over_script": "[neutral] AI-generated content for the-ocean: question_2_option_a for age 40."
          },
          "option_b": {
            "display_text": "[neutral] AI-generated content for the-ocean: question_2_option_b for age 40.",
            "voice_over_script": "[neutral] AI-generated content for the-ocean: question_2_option_b for age 40."
          },
          "teaching_moments": {
            "option_a_response": {
              "display_text": "[neutral] AI-generated content for the-ocean: question_2_teaching_a for age 40.",
              "voice_over_script": "[neutral] AI-generated content for the-ocean: question_2_teaching_a for age 40."
            },
            "option_b_response": {
              "display_text": "[neutral] AI-generated content for the-ocean: question_2_teaching_b for age 40.",
              "voice_over_script": "[neutral] AI-generated content for the-ocean: question_2_teaching_b for age 40."
            }
          }
        },
        "60": {
          "question": {
            "neutral": {
              "display_text": "[neutral] AI-generated content for the-ocean: question_2_question for age 60.",
              "voice_over_script": "[neutral] AI-generated content for the-ocean: question_2_question for age 60."
            },
            "fun": {
              "display_text": "[fun] AI-generated content for the-ocean: question_2_question for age 60.",
              "voice_over_script": "[fun] AI-generated content for the-ocean: question_2_question for age 60."
            },
            "grandmother": {
              "display_text": "[grandmother] AI-generated content for the-ocean: question_2_question for age 60.",
              "voice_over_script": "[grandmother] AI-generated content for the-ocean: question_2_question for age 60."
            }
          },
          "option_a": {
            "display_text": "[neutral] AI-generated content for the-ocean: question_2_option_a for age 60.",
            "voice_over_script": "[neutral] AI-generated content for the-ocean: question_2_option_a for age 60."
          },
          "option_b": {
            "display_text": "[neutral] AI-generated content for the-ocean: question_2_option_b for age 60.",
            "voice_over_script": "[neutral] AI-generated content for the-ocean: question_2_option_b for age 60."
          },
          "teaching_moments": {
            "option_a_response": {
              "display_text": "[neutral] AI-generated content for the-ocean: question_2_teaching_a for age 60.",
              "voice_over_script": "[neutral] AI-generated content for the-ocean: question_2_teaching_a for age 60."
            },
            "option_b_response": {
              "display_text": "[neutral] AI-generated content for the-ocean: question_2_teaching_b for age 60.",
              "voice_over_script": "[neutral] AI-generated content for the-ocean: question_2_teaching_b for age 60."
            }
          }
        },
        "80": {
          "question": {
            "neutral": {
              "display_text": "[neutral] AI-generated content for the-ocean: question_2_question for age 80.",
              "voice_over_script": "[neutral] AI-generated content for the-ocean: question_2_question for age 80."
            },
            "fun": {
              "display_text": "[fun] AI-generated content for the-ocean: question_2_question for age 80.",
              "voice_over_script": "[fun] AI-generated content for the-ocean: question_2_question for age 80."
            },
            "grandmother": {
              "display_text": "[grandmother] AI-generated content for the-ocean: question_2_question for age 80.",
              "voice_over_script": "[grandmother] AI-generated content for the-ocean: question_2_question for age 80."
            }
          },
          "option_a": {
            "display_text": "[neutral] AI-generated content for the-ocean: question_2_option_a for age 80.",
            "voice_over_script": "[neutral] AI-generated content for the-ocean: question_2_option_a for age 80."
          },
          "option_b": {
            "display_text": "[neutral] AI-generated content for the-ocean: question_2_option_b for age 80.",
            "voice_over_script": "[neutral] AI-generated content for the-ocean: question_2_option_b for age 80."
          },
          "teaching_moments": {
            "option_a_response": {
              "display_text": "[neutral] AI-generated content for the-ocean: question_2_teaching_a for age 80.",
              "voice_over_script": "[neutral] AI-generated content for the-ocean: question_2_teaching_a for age 80."
            },
            "option_b_response": {
              "display_text": "[neutral] AI-generated content for the-ocean: question_2_teaching_b for age 80.",
              "voice_over_script": "[neutral] AI-generated content for the-ocean: question_2_teaching_b for age 80."
            }
          }
        },
        "102": {
          "question": {
            "neutral": {
              "display_text": "[neutral] AI-generated content for the-ocean: question_2_question for age 102.",
              "voice_over_script": "[neutral] AI-generated content for the-ocean: question_2_question for age 102."
            },
            "fun": {
              "display_text": "[fun] AI-generated content for the-ocean: question_2_question for age 102.",
              "voice_over_script": "[fun] AI-generated content for the-ocean: question_2_question for age 102."
            },
            "grandmother": {
              "display_text": "[grandmother] AI-generated content for the-ocean: question_2_question for age 102.",
              "voice_over_script": "[grandmother] AI-generated content for the-ocean: question_2_question for age 102."
            }
          },
          "option_a": {
            "display_text": "[neutral] AI-generated content for the-ocean: question_2_option_a for age 102.",
            "voice_over_script": "[neutral] AI-generated content for the-ocean: question_2_option_a for age 102."
          },
          "option_b": {
            "display_text": "[neutral] AI-generated content for the-ocean: question_2_option_b for age 102.",
            "voice_over_script": "[neutral] AI-generated content for the-ocean: question_2_option_b for age 102."
          },
          "teaching_moments": {
            "option_a_response": {
              "display_text": "[neutral] AI-generated content for the-ocean: question_2_teaching_a for age 102.",
              "voice_over_script": "[neutral] AI-generated content for the-ocean: question_2_teaching_a for age 102."
            },
            "option_b_response": {
              "display_text": "[neutral] AI-generated content for the-ocean: question_2_teaching_b for age 102.",
              "voice_over_script": "[neutral] AI-generated content for the-ocean: question_2_teaching_b for age 102."
            }
          }
        }
      }
    },
    "question_3": {
      "concept_focus": "The sun's connection to our shared human experience.",
      "ages": {
        "2": {
          "question": {
            "neutral": {
              "display_text": "[neutral] AI-generated content for the-ocean: question_3_question for age 2.",
              "voice_over_script": "[neutral] AI-generated content for the-ocean: question_3_question for age 2."
            },
            "fun": {
              "display_text": "[fun] AI-generated content for the-ocean: question_3_question for age 2.",
              "voice_over_script": "[fun] AI-generated content for the-ocean: question_3_question for age 2."
            },
            "grandmother": {
              "display_text": "[grandmother] AI-generated content for the-ocean: question_3_question for age 2.",
              "voice_over_script": "[grandmother] AI-generated content for the-ocean: question_3_question for age 2."
            }
          },
          "option_a": {
            "display_text": "[neutral] AI-generated content for the-ocean: question_3_option_a for age 2.",
            "voice_over_script": "[neutral] AI-generated content for the-ocean: question_3_option_a for age 2."
          },
          "option_b": {
            "display_text": "[neutral] AI-generated content for the-ocean: question_3_option_b for age 2.",
            "voice_over_script": "[neutral] AI-generated content for the-ocean: question_3_option_b for age 2."
          },
          "teaching_moments": {
            "option_a_response": {
              "display_text": "[neutral] AI-generated content for the-ocean: question_3_teaching_a for age 2.",
              "voice_over_script": "[neutral] AI-generated content for the-ocean: question_3_teaching_a for age 2."
            },
            "option_b_response": {
              "display_text": "[neutral] AI-generated content for the-ocean: question_3_teaching_b for age 2.",
              "voice_over_script": "[neutral] AI-generated content for the-ocean: question_3_teaching_b for age 2."
            }
          }
        },
        "5": {
          "question": {
            "neutral": {
              "display_text": "[neutral] AI-generated content for the-ocean: question_3_question for age 5.",
              "voice_over_script": "[neutral] AI-generated content for the-ocean: question_3_question for age 5."
            },
            "fun": {
              "display_text": "[fun] AI-generated content for the-ocean: question_3_question for age 5.",
              "voice_over_script": "[fun] AI-generated content for the-ocean: question_3_question for age 5."
            },
            "grandmother": {
              "display_text": "[grandmother] AI-generated content for the-ocean: question_3_question for age 5.",
              "voice_over_script": "[grandmother] AI-generated content for the-ocean: question_3_question for age 5."
            }
          },
          "option_a": {
            "display_text": "[neutral] AI-generated content for the-ocean: question_3_option_a for age 5.",
            "voice_over_script": "[neutral] AI-generated content for the-ocean: question_3_option_a for age 5."
          },
          "option_b": {
            "display_text": "[neutral] AI-generated content for the-ocean: question_3_option_b for age 5.",
            "voice_over_script": "[neutral] AI-generated content for the-ocean: question_3_option_b for age 5."
          },
          "teaching_moments": {
            "option_a_response": {
              "display_text": "[neutral] AI-generated content for the-ocean: question_3_teaching_a for age 5.",
              "voice_over_script": "[neutral] AI-generated content for the-ocean: question_3_teaching_a for age 5."
            },
            "option_b_response": {
              "display_text": "[neutral] AI-generated content for the-ocean: question_3_teaching_b for age 5.",
              "voice_over_script": "[neutral] AI-generated content for the-ocean: question_3_teaching_b for age 5."
            }
          }
        },
        "8": {
          "question": {
            "neutral": {
              "display_text": "[neutral] AI-generated content for the-ocean: question_3_question for age 8.",
              "voice_over_script": "[neutral] AI-generated content for the-ocean: question_3_question for age 8."
            },
            "fun": {
              "display_text": "[fun] AI-generated content for the-ocean: question_3_question for age 8.",
              "voice_over_script": "[fun] AI-generated content for the-ocean: question_3_question for age 8."
            },
            "grandmother": {
              "display_text": "[grandmother] AI-generated content for the-ocean: question_3_question for age 8.",
              "voice_over_script": "[grandmother] AI-generated content for the-ocean: question_3_question for age 8."
            }
          },
          "option_a": {
            "display_text": "[neutral] AI-generated content for the-ocean: question_3_option_a for age 8.",
            "voice_over_script": "[neutral] AI-generated content for the-ocean: question_3_option_a for age 8."
          },
          "option_b": {
            "display_text": "[neutral] AI-generated content for the-ocean: question_3_option_b for age 8.",
            "voice_over_script": "[neutral] AI-generated content for the-ocean: question_3_option_b for age 8."
          },
          "teaching_moments": {
            "option_a_response": {
              "display_text": "[neutral] AI-generated content for the-ocean: question_3_teaching_a for age 8.",
              "voice_over_script": "[neutral] AI-generated content for the-ocean: question_3_teaching_a for age 8."
            },
            "option_b_response": {
              "display_text": "[neutral] AI-generated content for the-ocean: question_3_teaching_b for age 8.",
              "voice_over_script": "[neutral] AI-generated content for the-ocean: question_3_teaching_b for age 8."
            }
          }
        },
        "12": {
          "question": {
            "neutral": {
              "display_text": "[neutral] AI-generated content for the-ocean: question_3_question for age 12.",
              "voice_over_script": "[neutral] AI-generated content for the-ocean: question_3_question for age 12."
            },
            "fun": {
              "display_text": "[fun] AI-generated content for the-ocean: question_3_question for age 12.",
              "voice_over_script": "[fun] AI-generated content for the-ocean: question_3_question for age 12."
            },
            "grandmother": {
              "display_text": "[grandmother] AI-generated content for the-ocean: question_3_question for age 12.",
              "voice_over_script": "[grandmother] AI-generated content for the-ocean: question_3_question for age 12."
            }
          },
          "option_a": {
            "display_text": "[neutral] AI-generated content for the-ocean: question_3_option_a for age 12.",
            "voice_over_script": "[neutral] AI-generated content for the-ocean: question_3_option_a for age 12."
          },
          "option_b": {
            "display_text": "[neutral] AI-generated content for the-ocean: question_3_option_b for age 12.",
            "voice_over_script": "[neutral] AI-generated content for the-ocean: question_3_option_b for age 12."
          },
          "teaching_moments": {
            "option_a_response": {
              "display_text": "[neutral] AI-generated content for the-ocean: question_3_teaching_a for age 12.",
              "voice_over_script": "[neutral] AI-generated content for the-ocean: question_3_teaching_a for age 12."
            },
            "option_b_response": {
              "display_text": "[neutral] AI-generated content for the-ocean: question_3_teaching_b for age 12.",
              "voice_over_script": "[neutral] AI-generated content for the-ocean: question_3_teaching_b for age 12."
            }
          }
        },
        "16": {
          "question": {
            "neutral": {
              "display_text": "[neutral] AI-generated content for the-ocean: question_3_question for age 16.",
              "voice_over_script": "[neutral] AI-generated content for the-ocean: question_3_question for age 16."
            },
            "fun": {
              "display_text": "[fun] AI-generated content for the-ocean: question_3_question for age 16.",
              "voice_over_script": "[fun] AI-generated content for the-ocean: question_3_question for age 16."
            },
            "grandmother": {
              "display_text": "[grandmother] AI-generated content for the-ocean: question_3_question for age 16.",
              "voice_over_script": "[grandmother] AI-generated content for the-ocean: question_3_question for age 16."
            }
          },
          "option_a": {
            "display_text": "[neutral] AI-generated content for the-ocean: question_3_option_a for age 16.",
            "voice_over_script": "[neutral] AI-generated content for the-ocean: question_3_option_a for age 16."
          },
          "option_b": {
            "display_text": "[neutral] AI-generated content for the-ocean: question_3_option_b for age 16.",
            "voice_over_script": "[neutral] AI-generated content for the-ocean: question_3_option_b for age 16."
          },
          "teaching_moments": {
            "option_a_response": {
              "display_text": "[neutral] AI-generated content for the-ocean: question_3_teaching_a for age 16.",
              "voice_over_script": "[neutral] AI-generated content for the-ocean: question_3_teaching_a for age 16."
            },
            "option_b_response": {
              "display_text": "[neutral] AI-generated content for the-ocean: question_3_teaching_b for age 16.",
              "voice_over_script": "[neutral] AI-generated content for the-ocean: question_3_teaching_b for age 16."
            }
          }
        },
        "25": {
          "question": {
            "neutral": {
              "display_text": "[neutral] AI-generated content for the-ocean: question_3_question for age 25.",
              "voice_over_script": "[neutral] AI-generated content for the-ocean: question_3_question for age 25."
            },
            "fun": {
              "display_text": "[fun] AI-generated content for the-ocean: question_3_question for age 25.",
              "voice_over_script": "[fun] AI-generated content for the-ocean: question_3_question for age 25."
            },
            "grandmother": {
              "display_text": "[grandmother] AI-generated content for the-ocean: question_3_question for age 25.",
              "voice_over_script": "[grandmother] AI-generated content for the-ocean: question_3_question for age 25."
            }
          },
          "option_a": {
            "display_text": "[neutral] AI-generated content for the-ocean: question_3_option_a for age 25.",
            "voice_over_script": "[neutral] AI-generated content for the-ocean: question_3_option_a for age 25."
          },
          "option_b": {
            "display_text": "[neutral] AI-generated content for the-ocean: question_3_option_b for age 25.",
            "voice_over_script": "[neutral] AI-generated content for the-ocean: question_3_option_b for age 25."
          },
          "teaching_moments": {
            "option_a_response": {
              "display_text": "[neutral] AI-generated content for the-ocean: question_3_teaching_a for age 25.",
              "voice_over_script": "[neutral] AI-generated content for the-ocean: question_3_teaching_a for age 25."
            },
            "option_b_response": {
              "display_text": "[neutral] AI-generated content for the-ocean: question_3_teaching_b for age 25.",
              "voice_over_script": "[neutral] AI-generated content for the-ocean: question_3_teaching_b for age 25."
            }
          }
        },
        "40": {
          "question": {
            "neutral": {
              "display_text": "[neutral] AI-generated content for the-ocean: question_3_question for age 40.",
              "voice_over_script": "[neutral] AI-generated content for the-ocean: question_3_question for age 40."
            },
            "fun": {
              "display_text": "[fun] AI-generated content for the-ocean: question_3_question for age 40.",
              "voice_over_script": "[fun] AI-generated content for the-ocean: question_3_question for age 40."
            },
            "grandmother": {
              "display_text": "[grandmother] AI-generated content for the-ocean: question_3_question for age 40.",
              "voice_over_script": "[grandmother] AI-generated content for the-ocean: question_3_question for age 40."
            }
          },
          "option_a": {
            "display_text": "[neutral] AI-generated content for the-ocean: question_3_option_a for age 40.",
            "voice_over_script": "[neutral] AI-generated content for the-ocean: question_3_option_a for age 40."
          },
          "option_b": {
            "display_text": "[neutral] AI-generated content for the-ocean: question_3_option_b for age 40.",
            "voice_over_script": "[neutral] AI-generated content for the-ocean: question_3_option_b for age 40."
          },
          "teaching_moments": {
            "option_a_response": {
              "display_text": "[neutral] AI-generated content for the-ocean: question_3_teaching_a for age 40.",
              "voice_over_script": "[neutral] AI-generated content for the-ocean: question_3_teaching_a for age 40."
            },
            "option_b_response": {
              "display_text": "[neutral] AI-generated content for the-ocean: question_3_teaching_b for age 40.",
              "voice_over_script": "[neutral] AI-generated content for the-ocean: question_3_teaching_b for age 40."
            }
          }
        },
        "60": {
          "question": {
            "neutral": {
              "display_text": "[neutral] AI-generated content for the-ocean: question_3_question for age 60.",
              "voice_over_script": "[neutral] AI-generated content for the-ocean: question_3_question for age 60."
            },
            "fun": {
              "display_text": "[fun] AI-generated content for the-ocean: question_3_question for age 60.",
              "voice_over_script": "[fun] AI-generated content for the-ocean: question_3_question for age 60."
            },
            "grandmother": {
              "display_text": "[grandmother] AI-generated content for the-ocean: question_3_question for age 60.",
              "voice_over_script": "[grandmother] AI-generated content for the-ocean: question_3_question for age 60."
            }
          },
          "option_a": {
            "display_text": "[neutral] AI-generated content for the-ocean: question_3_option_a for age 60.",
            "voice_over_script": "[neutral] AI-generated content for the-ocean: question_3_option_a for age 60."
          },
          "option_b": {
            "display_text": "[neutral] AI-generated content for the-ocean: question_3_option_b for age 60.",
            "voice_over_script": "[neutral] AI-generated content for the-ocean: question_3_option_b for age 60."
          },
          "teaching_moments": {
            "option_a_response": {
              "display_text": "[neutral] AI-generated content for the-ocean: question_3_teaching_a for age 60.",
              "voice_over_script": "[neutral] AI-generated content for the-ocean: question_3_teaching_a for age 60."
            },
            "option_b_response": {
              "display_text": "[neutral] AI-generated content for the-ocean: question_3_teaching_b for age 60.",
              "voice_over_script": "[neutral] AI-generated content for the-ocean: question_3_teaching_b for age 60."
            }
          }
        },
        "80": {
          "question": {
            "neutral": {
              "display_text": "[neutral] AI-generated content for the-ocean: question_3_question for age 80.",
              "voice_over_script": "[neutral] AI-generated content for the-ocean: question_3_question for age 80."
            },
            "fun": {
              "display_text": "[fun] AI-generated content for the-ocean: question_3_question for age 80.",
              "voice_over_script": "[fun] AI-generated content for the-ocean: question_3_question for age 80."
            },
            "grandmother": {
              "display_text": "[grandmother] AI-generated content for the-ocean: question_3_question for age 80.",
              "voice_over_script": "[grandmother] AI-generated content for the-ocean: question_3_question for age 80."
            }
          },
          "option_a": {
            "display_text": "[neutral] AI-generated content for the-ocean: question_3_option_a for age 80.",
            "voice_over_script": "[neutral] AI-generated content for the-ocean: question_3_option_a for age 80."
          },
          "option_b": {
            "display_text": "[neutral] AI-generated content for the-ocean: question_3_option_b for age 80.",
            "voice_over_script": "[neutral] AI-generated content for the-ocean: question_3_option_b for age 80."
          },
          "teaching_moments": {
            "option_a_response": {
              "display_text": "[neutral] AI-generated content for the-ocean: question_3_teaching_a for age 80.",
              "voice_over_script": "[neutral] AI-generated content for the-ocean: question_3_teaching_a for age 80."
            },
            "option_b_response": {
              "display_text": "[neutral] AI-generated content for the-ocean: question_3_teaching_b for age 80.",
              "voice_over_script": "[neutral] AI-generated content for the-ocean: question_3_teaching_b for age 80."
            }
          }
        },
        "102": {
          "question": {
            "neutral": {
              "display_text": "[neutral] AI-generated content for the-ocean: question_3_question for age 102.",
              "voice_over_script": "[neutral] AI-generated content for the-ocean: question_3_question for age 102."
            },
            "fun": {
              "display_text": "[fun] AI-generated content for the-ocean: question_3_question for age 102.",
              "voice_over_script": "[fun] AI-generated content for the-ocean: question_3_question for age 102."
            },
            "grandmother": {
              "display_text": "[grandmother] AI-generated content for the-ocean: question_3_question for age 102.",
              "voice_over_script": "[grandmother] AI-generated content for the-ocean: question_3_question for age 102."
            }
          },
          "option_a": {
            "display_text": "[neutral] AI-generated content for the-ocean: question_3_option_a for age 102.",
            "voice_over_script": "[neutral] AI-generated content for the-ocean: question_3_option_a for age 102."
          },
          "option_b": {
            "display_text": "[neutral] AI-generated content for the-ocean: question_3_option_b for age 102.",
            "voice_over_script": "[neutral] AI-generated content for the-ocean: question_3_option_b for age 102."
          },
          "teaching_moments": {
            "option_a_response": {
              "display_text": "[neutral] AI-generated content for the-ocean: question_3_teaching_a for age 102.",
              "voice_over_script": "[neutral] AI-generated content for the-ocean: question_3_teaching_a for age 102."
            },
            "option_b_response": {
              "display_text": "[neutral] AI-generated content for the-ocean: question_3_teaching_b for age 102.",
              "voice_over_script": "[neutral] AI-generated content for the-ocean: question_3_teaching_b for age 102."
            }
          }
        }
      }
    }
  },
  "wisdom_phase_content": {
    "fortune": {
      "neutral": {
        "display_text": "[neutral] AI-generated content for the-ocean: wisdom for age all.",
        "voice_over_script": "[neutral] AI-generated content for the-ocean: wisdom for age all."
      },
      "fun": {
        "display_text": "[fun] AI-generated content for the-ocean: wisdom for age all.",
        "voice_over_script": "[fun] AI-generated content for the-ocean: wisdom for age all."
      },
      "grandmother": {
        "display_text": "[grandmother] AI-generated content for the-ocean: wisdom for age all.",
        "voice_over_script": "[grandmother] AI-generated content for the-ocean: wisdom for age all."
      }
    }
  }
}