{
    "lesson_metadata": {
        "lesson_id": "the_sun",
        "day": 1,
        "universal_concept": "The sun as a universal source of energy, life, and connection.",
        "learning_essence": "Learners will discover the sun's fundamental role in our lives, from basic warmth to its influence on our planet's systems and our own daily rhythms."
    },
    "age_expressions": {
        "2": {
            "concept_name": {
                "neutral": {
                    "display_text": "The Warm, Bright Sun",
                    "voice_over_script": "The. Warm. Bright. Sun."
                },
                "fun": {
                    "display_text": "Hello, Sunshine!",
                    "voice_over_script": "Hello, Sunshine!"
                },
                "grandmother": {
                    "display_text": "Our Friendly Sun",
                    "voice_over_script": "Our Friendly Sun."
                }
            }
        },
        "5": {
            "concept_name": {
                "neutral": {
                    "display_text": "The Sun Helps Us Grow",
                    "voice_over_script": "The Sun... Helps Us Grow."
                },
                "fun": {
                    "display_text": "Super Sun Power!",
                    "voice_over_script": "Super Sun... Power!"
                },
                "grandmother": {
                    "display_text": "The Sun's Gentle Care",
                    "voice_over_script": "The Sun's Gentle Care."
                }
            }
        },
        "8": {
            "concept_name": {
                "neutral": {
                    "display_text": "The Sun and Our Planet",
                    "voice_over_script": "The Sun. and Our Planet."
                },
                "fun": {
                    "display_text": "Our Amazing Star!",
                    "voice_over_script": "Our... Amazing... Star!"
                },
                "grandmother": {
                    "display_text": "The Heart of Our Sky",
                    "voice_over_script": "The Heart... of Our Sky."
                }
            }
        },
        "12": {
            "concept_name": {
                "neutral": {
                    "display_text": "The Sun's Power",
                    "voice_over_script": "The Sun's Power... and Influence."
                },
                "fun": {
                    "display_text": "The Sun's Awesome Force!",
                    "voice_over_script": "The Sun's... Awesome... Force!"
                },
                "grandmother": {
                    "display_text": "The Sun's Guiding Light",
                    "voice_over_script": "The Sun's... Guiding Light."
                }
            }
        },
        "16": {
            "concept_name": {
                "neutral": {
                    "display_text": "The Sun: A Star's Life Cycle",
                    "voice_over_script": "The Sun... A Star's Life Cycle."
                },
                "fun": {
                    "display_text": "A Star is Born (and lives)!",
                    "voice_over_script": "A Star is Born!... [pause] (and lives!)"
                },
                "grandmother": {
                    "display_text": "The Sun's Long Story",
                    "voice_over_script": "The Sun's Long... Long... Story."
                }
            }
        },
        "25": {
            "concept_name": {
                "neutral": {
                    "display_text": "The Sun's Impact on Modern Life",
                    "voice_over_script": "The Sun's Impact... on Modern Life."
                },
                "fun": {
                    "display_text": "The Sun's Bright Future!",
                    "voice_over_script": "The Sun's... Bright... Future!"
                },
                "grandmother": {
                    "display_text": "The Sun in Our Lives",
                    "voice_over_script": "The Sun... in Our Lives."
                }
            }
        },
        "40": {
            "concept_name": {
                "neutral": {
                    "display_text": "The Sun: A Universal Constant",
                    "voice_over_script": "The Sun. A Universal Constant."
                },
                "fun": {
                    "display_text": "The Unstoppable Sun!",
                    "voice_over_script": "The... Unstoppable... Sun!"
                },
                "grandmother": {
                    "display_text": "The Ever-Present Sun",
                    "voice_over_script": "The... Ever-Present... Sun."
                }
            }
        },
        "60": {
            "concept_name": {
                "neutral": {
                    "display_text": "The Sun: Reflection and Connection",
                    "voice_over_script": "The Sun. Reflection... and Connection."
                },
                "fun": {
                    "display_text": "Sunshine Memories!",
                    "voice_over_script": "Sunshine... Memories!"
                },
                "grandmother": {
                    "display_text": "Golden Rays of Wisdom",
                    "voice_over_script": "Golden Rays... of Wisdom."
                }
            }
        },
        "80": {
            "concept_name": {
                "neutral": {
                    "display_text": "The Sun: Symbol of Legacy",
                    "voice_over_script": "The Sun. Symbol... of Legacy."
                },
                "fun": {
                    "display_text": "The Eternal Sun!",
                    "voice_over_script": "The... E... ternal... Sun!"
                },
                "grandmother": {
                    "display_text": "The Sun's Endless Gift",
                    "voice_over_script": "The Sun's... Endless... Gift."
                }
            }
        },
        "102": {
            "concept_name": {
                "neutral": {
                    "display_text": "The Sun: A Connection to the Infinite",
                    "voice_over_script": "The Sun. A Connection... to the Infinite."
                },
                "fun": {
                    "display_text": "Cosmic Sunshine!",
                    "voice_over_script": "Cosmic... Sunshine!"
                },
                "grandmother": {
                    "display_text": "The Sun's Timeless Embrace",
                    "voice_over_script": "The Sun's... Timeless... Embrace."
                }
            }
        }
    },
    "core_lesson_structure": {
        "question_1": {
            "concept_focus": "The sun's fundamental role for life on Earth.",
            "ages": {
                "2": {
                    "question": {
                        "neutral": {
                            "display_text": "What does the sun feel like?"
                        },
                        "fun": {
                            "display_text": "How does the sun feel on your skin?"
                        },
                        "grandmother": {
                            "display_text": "When the sun kisses your cheek, how does it feel, dear?"
                        }
                    },
                    "option_a": {
                        "display_text": "Cold",
                        "voice_over_script": "Cold"
                    },
                    "option_b": {
                        "display_text": "Warm",
                        "voice_over_script": "Warm"
                    },
                    "teaching_moments": {
                        "option_a_response": {
                            "display_text": "Not quite! The sun is very warm.",
                            "voice_over_script": "Not quite! The sun is very warm."
                        },
                        "option_b_response": {
                            "display_text": "That's right! The sun feels warm on our skin.",
                            "voice_over_script": "That's right! The sun feels warm on our skin."
                        }
                    },
                    "correct_option": "b"
                },
                "5": {
                    "question": {
                        "neutral": {
                            "display_text": "What does the sun give plants?"
                        },
                        "fun": {
                            "display_text": "What super-power does the sun give to plants?"
                        },
                        "grandmother": {
                            "display_text": "What special gift does our sun give to the little plants?"
                        }
                    },
                    "option_a": {
                        "display_text": "Water",
                        "voice_over_script": "Water"
                    },
                    "option_b": {
                        "display_text": "Energy to grow",
                        "voice_over_script": "Energy to grow"
                    },
                    "teaching_moments": {
                        "option_a_response": {
                            "display_text": "Close! Plants need water, but the sun gives them energy!",
                            "voice_over_script": "Close! Plants need water, but the sun gives them energy!"
                        },
                        "option_b_response": {
                            "display_text": "Exactly! The sun's light is like food for plants.",
                            "voice_over_script": "Exactly! The sun's light is like food for plants."
                        }
                    },
                    "correct_option": "a"
                },
                "8": {
                    "question": {
                        "neutral": {
                            "display_text": "The Earth moving around the sun gives us..."
                        },
                        "fun": {
                            "display_text": "When the Earth dances around the sun, it creates..."
                        },
                        "grandmother": {
                            "display_text": "As the Earth travels around the sun, it gives us the gift of..."
                        }
                    },
                    "option_a": {
                        "display_text": "Day and night",
                        "voice_over_script": "Day and night"
                    },
                    "option_b": {
                        "display_text": "Different seasons",
                        "voice_over_script": "Different seasons"
                    },
                    "teaching_moments": {
                        "option_a_response": {
                            "display_text": "That's part of it! But the tilt of the Earth gives us seasons.",
                            "voice_over_script": "That's part of it! But the tilt of the Earth gives us seasons."
                        },
                        "option_b_response": {
                            "display_text": "You got it! Our journey around the sun brings us spring, summer, fall, and winter.",
                            "voice_over_script": "You got it! Our journey around the sun brings us spring, summer, fall, and winter."
                        }
                    },
                    "correct_option": "b"
                },
                "12": {
                    "question": {
                        "neutral": {
                            "display_text": "What force keeps the Earth circling the sun?"
                        },
                        "fun": {
                            "display_text": "What invisible string keeps the Earth from floating away from the sun?"
                        },
                        "grandmother": {
                            "display_text": "What gentle but strong force holds our Earth close to the sun?"
                        }
                    },
                    "option_a": {
                        "display_text": "Magnetism",
                        "voice_over_script": "Magnetism"
                    },
                    "option_b": {
                        "display_text": "Gravity",
                        "voice_over_script": "Gravity"
                    },
                    "teaching_moments": {
                        "option_a_response": {
                            "display_text": "A good guess, but it's actually gravity that keeps us in orbit.",
                            "voice_over_script": "A good guess, but it's actually gravity that keeps us in orbit."
                        },
                        "option_b_response": {
                            "display_text": "Precisely! The sun's immense gravity holds our whole solar system together.",
                            "voice_over_script": "Precisely! The sun's immense gravity holds our whole solar system together."
                        }
                    },
                    "correct_option": "a"
                },
                "16": {
                    "question": {
                        "neutral": {
                            "display_text": "The sun creates energy through a process called:"
                        },
                        "fun": {
                            "display_text": "The sun's amazing energy factory is called:"
                        },
                        "grandmother": {
                            "display_text": "The sun has a special way of making its beautiful light called:"
                        }
                    },
                    "option_a": {
                        "display_text": "Nuclear fission",
                        "voice_over_script": "Nuclear fission"
                    },
                    "option_b": {
                        "display_text": "Nuclear fusion",
                        "voice_over_script": "Nuclear fusion"
                    },
                    "teaching_moments": {
                        "option_a_response": {
                            "display_text": "That's the process for nuclear power on Earth, but the sun uses fusion.",
                            "voice_over_script": "That's the process for nuclear power on Earth, but the sun uses fusion."
                        },
                        "option_b_response": {
                            "display_text": "Correct! The sun fuses hydrogen atoms into helium, releasing incredible amounts of energy.",
                            "voice_over_script": "Correct! The sun fuses hydrogen atoms into helium, releasing incredible amounts of energy."
                        }
                    },
                    "correct_option": "b"
                },
                "25": {
                    "question": {
                        "neutral": {
                            "display_text": "The sun's energy is a key part of which sustainable technology?"
                        },
                        "fun": {
                            "display_text": "What cool tech uses the sun's power to make clean energy?"
                        },
                        "grandmother": {
                            "display_text": "What clever invention lets us borrow a little of the sun's power for our homes?"
                        }
                    },
                    "option_a": {
                        "display_text": "Geothermal power",
                        "voice_over_script": "Geothermal power"
                    },
                    "option_b": {
                        "display_text": "Solar power",
                        "voice_over_script": "Solar power"
                    },
                    "teaching_moments": {
                        "option_a_response": {
                            "display_text": "Geothermal power comes from the Earth's heat. Solar power comes directly from the sun.",
                            "voice_over_script": "Geothermal power comes from the Earth's heat. Solar power comes directly from the sun."
                        },
                        "option_b_response": {
                            "display_text": "Yes! Solar panels are a brilliant way to harness the sun's clean energy.",
                            "voice_over_script": "Yes! Solar panels are a brilliant way to harness the sun's clean energy."
                        }
                    },
                    "correct_option": "a"
                },
                "40": {
                    "question": {
                        "neutral": {
                            "display_text": "The sun's consistent cycle provides a metaphor for what?"
                        },
                        "fun": {
                            "display_text": "The sun always shows up! What's that a great example of?"
                        },
                        "grandmother": {
                            "display_text": "The sun rises every morning, reminding us of what important quality?"
                        }
                    },
                    "option_a": {
                        "display_text": "Sudden change",
                        "voice_over_script": "Sudden change"
                    },
                    "option_b": {
                        "display_text": "Stability and reliability",
                        "voice_over_script": "Stability and reliability"
                    },
                    "teaching_moments": {
                        "option_a_response": {
                            "display_text": "The sun is actually the opposite of sudden change.",
                            "voice_over_script": "The sun is actually the opposite of sudden change."
                        },
                        "option_b_response": {
                            "display_text": "Exactly. It's a dependable presence in our lives.",
                            "voice_over_script": "Exactly. It's a dependable presence in our lives."
                        }
                    },
                    "correct_option": "b"
                },
                "60": {
                    "question": {
                        "neutral": {
                            "display_text": "Watching a sunrise can be a powerful moment for..."
                        },
                        "fun": {
                            "display_text": "What's the best way to enjoy a sunrise?"
                        },
                        "grandmother": {
                            "display_text": "When you watch the sun rise, what is it a wonderful time for?"
                        }
                    },
                    "option_a": {
                        "display_text": "Action and planning",
                        "voice_over_script": "Action and planning"
                    },
                    "option_b": {
                        "display_text": "Meditation and reflection",
                        "voice_over_script": "Meditation and reflection"
                    },
                    "teaching_moments": {
                        "option_a_response": {
                            "display_text": "While you can plan your day, the quiet of a sunrise is perfect for reflection.",
                            "voice_over_script": "While you can plan your day, the quiet of a sunrise is perfect for reflection."
                        },
                        "option_b_response": {
                            "display_text": "It truly is. It's a peaceful time to gather your thoughts.",
                            "voice_over_script": "It truly is. It's a peaceful time to gather your thoughts."
                        }
                    },
                    "correct_option": "a"
                },
                "80": {
                    "question": {
                        "neutral": {
                            "display_text": "The elements in our bodies were forged in..."
                        },
                        "fun": {
                            "display_text": "Believe it or not, the stuff that makes you was cooked up in..."
                        },
                        "grandmother": {
                            "display_text": "Where did the precious stardust that makes us all come from?"
                        }
                    },
                    "option_a": {
                        "display_text": "The Earth's core",
                        "voice_over_script": "The Earth's core"
                    },
                    "option_b": {
                        "display_text": "Ancient stars, like the sun",
                        "voice_over_script": "Ancient stars, like the sun"
                    },
                    "teaching_moments": {
                        "option_a_response": {
                            "display_text": "The Earth's core is incredibly hot, but the elements were forged in stars.",
                            "voice_over_script": "The Earth's core is incredibly hot, but the elements were forged in stars."
                        },
                        "option_b_response": {
                            "display_text": "That's right. We are all made of stardust, created in the heart of stars long ago.",
                            "voice_over_script": "That's right. We are all made of stardust, created in the heart of stars long ago."
                        }
                    },
                    "correct_option": "b"
                },
                "102": {
                    "question": {
                        "neutral": {
                            "display_text": "The sun connects us to the grand scale of the..."
                        },
                        "fun": {
                            "display_text": "The sun isn't just our star, it's our ticket to the whole..."
                        },
                        "grandmother": {
                            "display_text": "Our dear sun connects our small lives to the vastness of the..."
                        }
                    },
                    "option_a": {
                        "display_text": "Solar system only",
                        "voice_over_script": "Solar system only"
                    },
                    "option_b": {
                        "display_text": "Entire cosmos",
                        "voice_over_script": "Entire cosmos"
                    },
                    "teaching_moments": {
                        "option_a_response": {
                            "display_text": "It's the heart of our solar system, but it's also our connection to everything beyond.",
                            "voice_over_script": "It's the heart of our solar system, but it's also our connection to everything beyond."
                        },
                        "option_b_response": {
                            "display_text": "Yes. It's a reminder that we are part of an immense and incredible universe.",
                            "voice_over_script": "Yes. It's a reminder that we are part of an immense and incredible universe."
                        }
                    },
                    "correct_option": "a"
                }
            }
        },
        "question_2": {
            "concept_focus": "The sun's practical, daily impact on us.",
            "ages": {
                "2": {
                    "question": {
                        "neutral": {
                            "display_text": "When the sun is out, it is..."
                        },
                        "fun": {
                            "display_text": "The sun is shining! Is it sleepy time or play time?"
                        },
                        "grandmother": {
                            "display_text": "When the sun is awake, is it time for us to be awake or asleep?"
                        }
                    },
                    "option_a": {
                        "display_text": "Night time",
                        "voice_over_script": "Night time"
                    },
                    "option_b": {
                        "display_text": "Day time",
                        "voice_over_script": "Day time"
                    },
                    "teaching_moments": {
                        "option_a_response": {
                            "display_text": "Not quite! The sun means it's daytime.",
                            "voice_over_script": "Not quite! The sun means it's daytime."
                        },
                        "option_b_response": {
                            "display_text": "That's right! The sun lights up our day.",
                            "voice_over_script": "That's right! The sun lights up our day."
                        }
                    },
                    "correct_option": "a"
                },
                "5": {
                    "question": {
                        "neutral": {
                            "display_text": "When you stand in the sun, you make a..."
                        },
                        "fun": {
                            "display_text": "When you block the sunshine, you make a funny dark shape called a..."
                        },
                        "grandmother": {
                            "display_text": "When you stand in the sun's light, what follows you on the ground?"
                        }
                    },
                    "option_a": {
                        "display_text": "Puddle",
                        "voice_over_script": "Puddle"
                    },
                    "option_b": {
                        "display_text": "Shadow",
                        "voice_over_script": "Shadow"
                    },
                    "teaching_moments": {
                        "option_a_response": {
                            "display_text": "Puddles come from rain. You make a shadow!",
                            "voice_over_script": "Puddles come from rain. You make a shadow!"
                        },
                        "option_b_response": {
                            "display_text": "Yes! You make a shadow on the ground.",
                            "voice_over_script": "Yes! You make a shadow on the ground."
                        }
                    },
                    "correct_option": "b"
                },
                "8": {
                    "question": {
                        "neutral": {
                            "display_text": "We should wear sunscreen to protect our..."
                        },
                        "fun": {
                            "display_text": "What do we need to protect from the sun's super-strong rays?"
                        },
                        "grandmother": {
                            "display_text": "What do we put on our precious skin to keep it safe from the sun?"
                        }
                    },
                    "option_a": {
                        "display_text": "Hair",
                        "voice_over_script": "Hair"
                    },
                    "option_b": {
                        "display_text": "Skin",
                        "voice_over_script": "Skin"
                    },
                    "teaching_moments": {
                        "option_a_response": {
                            "display_text": "You should protect your hair, but sunscreen is for your skin.",
                            "voice_over_script": "You should protect your hair, but sunscreen is for your skin."
                        },
                        "option_b_response": {
                            "display_text": "Exactly! Sunscreen keeps our skin safe from sunburn.",
                            "voice_over_script": "Exactly! Sunscreen keeps our skin safe from sunburn."
                        }
                    },
                    "correct_option": "a"
                },
                "12": {
                    "question": {
                        "neutral": {
                            "display_text": "The sun's energy drives what important Earth cycle?"
                        },
                        "fun": {
                            "display_text": "What amazing journey for water is powered by the sun?"
                        },
                        "grandmother": {
                            "display_text": "What cycle, that gives us rain and rivers, does the sun's warmth create?"
                        }
                    },
                    "option_a": {
                        "display_text": "The rock cycle",
                        "voice_over_script": "The rock cycle"
                    },
                    "option_b": {
                        "display_text": "The water cycle",
                        "voice_over_script": "The water cycle"
                    },
                    "teaching_moments": {
                        "option_a_response": {
                            "display_text": "The rock cycle is about geology. The sun powers the water cycle.",
                            "voice_over_script": "The rock cycle is about geology. The sun powers the water cycle."
                        },
                        "option_b_response": {
                            "display_text": "Correct! The sun evaporates water, which then becomes clouds and rain.",
                            "voice_over_script": "Correct! The sun evaporates water, which then becomes clouds and rain."
                        }
                    },
                    "correct_option": "b"
                },
                "16": {
                    "question": {
                        "neutral": {
                            "display_text": "About how long does it take for the sun's light to reach Earth?"
                        },
                        "fun": {
                            "display_text": "How long is the trip for a sunbeam to get to Earth?"
                        },
                        "grandmother": {
                            "display_text": "How long does a little ray of sunshine travel to reach us here on Earth?"
                        }
                    },
                    "option_a": {
                        "display_text": "8 seconds",
                        "voice_over_script": "8 seconds"
                    },
                    "option_b": {
                        "display_text": "8 minutes",
                        "voice_over_script": "8 minutes"
                    },
                    "teaching_moments": {
                        "option_a_response": {
                            "display_text": "Light is fast, but not that fast! It takes about 8 minutes.",
                            "voice_over_script": "Light is fast, but not that fast! It takes about 8 minutes."
                        },
                        "option_b_response": {
                            "display_text": "You got it! So the sunlight we see is always 8 minutes old.",
                            "voice_over_script": "You got it! So the sunlight we see is always 8 minutes old."
                        }
                    },
                    "correct_option": "a"
                },
                "25": {
                    "question": {
                        "neutral": {
                            "display_text": "Our body produces which essential vitamin from sunlight?"
                        },
                        "fun": {
                            "display_text": "What awesome vitamin does your body make when you're out in the sun?"
                        },
                        "grandmother": {
                            "display_text": "What important vitamin does our body create when we enjoy the sunshine?"
                        }
                    },
                    "option_a": {
                        "display_text": "Vitamin C",
                        "voice_over_script": "Vitamin C"
                    },
                    "option_b": {
                        "display_text": "Vitamin D",
                        "voice_over_script": "Vitamin D"
                    },
                    "teaching_moments": {
                        "option_a_response": {
                            "display_text": "We get Vitamin C from fruits like oranges. The sun helps us make Vitamin D.",
                            "voice_over_script": "We get Vitamin C from fruits like oranges. The sun helps us make Vitamin D."
                        },
                        "option_b_response": {
                            "display_text": "Yes! Vitamin D is important for strong bones.",
                            "voice_over_script": "Yes! Vitamin D is important for strong bones."
                        }
                    },
                    "correct_option": "b"
                },
                "40": {
                    "question": {
                        "neutral": {
                            "display_text": "The sun's daily cycle helps regulate our..."
                        },
                        "fun": {
                            "display_text": "What's the cool name for your body's internal clock, which the sun helps set?"
                        },
                        "grandmother": {
                            "display_text": "What natural rhythm in our bodies does the sun help to guide each day?"
                        }
                    },
                    "option_a": {
                        "display_text": "Appetite",
                        "voice_over_script": "Appetite"
                    },
                    "option_b": {
                        "display_text": "Circadian rhythm",
                        "voice_over_script": "Circadian rhythm"
                    },
                    "teaching_moments": {
                        "option_a_response": {
                            "display_text": "While light can affect appetite, it's our internal clock, or circadian rhythm, that it regulates.",
                            "voice_over_script": "While light can affect appetite, it's our internal clock, or circadian rhythm, that it regulates."
                        },
                        "option_b_response": {
                            "display_text": "Exactly. This rhythm helps us feel awake during the day and sleepy at night.",
                            "voice_over_script": "Exactly. This rhythm helps us feel awake during the day and sleepy at night."
                        }
                    },
                    "correct_option": "a"
                },
                "60": {
                    "question": {
                        "neutral": {
                            "display_text": "Which historical energy source is a form of stored solar energy?"
                        },
                        "fun": {
                            "display_text": "What old-school fuel is basically ancient sunshine stored underground?"
                        },
                        "grandmother": {
                            "display_text": "What fuel, from deep in the earth, holds the sunshine of millions of years ago?"
                        }
                    },
                    "option_a": {
                        "display_text": "Nuclear power",
                        "voice_over_script": "Nuclear power"
                    },
                    "option_b": {
                        "display_text": "Fossil fuels",
                        "voice_over_script": "Fossil fuels"
                    },
                    "teaching_moments": {
                        "option_a_response": {
                            "display_text": "Nuclear power comes from atoms. Fossil fuels are ancient plants and animals that grew using the sun's energy.",
                            "voice_over_script": "Nuclear power comes from atoms. Fossil fuels are ancient plants and animals that grew using the sun's energy."
                        },
                        "option_b_response": {
                            "display_text": "Correct. Coal, oil, and gas are essentially batteries of ancient sunlight.",
                            "voice_over_script": "Correct. Coal, oil, and gas are essentially batteries of ancient sunlight."
                        }
                    },
                    "correct_option": "b"
                },
                "80": {
                    "question": {
                        "neutral": {
                            "display_text": "The sun's predictable path provides a sense of..."
                        },
                        "fun": {
                            "display_text": "The sun is so reliable! It gives you a feeling of..."
                        },
                        "grandmother": {
                            "display_text": "Seeing the sun rise and set each day can give us a deep feeling of..."
                        }
                    },
                    "option_a": {
                        "display_text": "Chaos and surprise",
                        "voice_over_script": "Chaos and surprise"
                    },
                    "option_b": {
                        "display_text": "Order and meaning",
                        "voice_over_script": "Order and meaning"
                    },
                    "teaching_moments": {
                        "option_a_response": {
                            "display_text": "The sun is one of the most predictable things in our lives.",
                            "voice_over_script": "The sun is one of the most predictable things in our lives."
                        },
                        "option_b_response": {
                            "display_text": "It does. Its reliable cycle has been a source of comfort and meaning for humanity for eons.",
                            "voice_over_script": "It does. Its reliable cycle has been a source of comfort and meaning for humanity for eons."
                        }
                    },
                    "correct_option": "a"
                },
                "102": {
                    "question": {
                        "neutral": {
                            "display_text": "The sun reveals the universe's fundamental..."
                        },
                        "fun": {
                            "display_text": "The sun doesn't just shine, it shows off the universe's amazing..."
                        },
                        "grandmother": {
                            "display_text": "The sun's constant presence is a beautiful demonstration of the universe's..."
                        }
                    },
                    "option_a": {
                        "display_text": "Randomness",
                        "voice_over_script": "Randomness"
                    },
                    "option_b": {
                        "display_text": "Laws",
                        "voice_over_script": "Laws"
                    },
                    "teaching_moments": {
                        "option_a_response": {
                            "display_text": "While there is randomness, the sun's existence is governed by profound physical laws.",
                            "voice_over_script": "While there is randomness, the sun's existence is governed by profound physical laws."
                        },
                        "option_b_response": {
                            "display_text": "Yes. From gravity to nuclear fusion, the sun is a testament to the fundamental laws of our universe.",
                            "voice_over_script": "Yes. From gravity to nuclear fusion, the sun is a testament to the fundamental laws of our universe."
                        }
                    },
                    "correct_option": "b"
                }
            }
        },
        "question_3": {
            "concept_focus": "The sun's connection to our shared human experience.",
            "ages": {
                "2": {
                    "question": {
                        "neutral": {
                            "display_text": "Do we all see the same sun?"
                        },
                        "fun": {
                            "display_text": "Does your friend see the same big sun in the sky as you?"
                        },
                        "grandmother": {
                            "display_text": "My darling, do you and I share the very same sun?"
                        }
                    },
                    "option_a": {
                        "display_text": "No",
                        "voice_over_script": "No"
                    },
                    "option_b": {
                        "display_text": "Yes",
                        "voice_over_script": "Yes"
                    },
                    "teaching_moments": {
                        "option_a_response": {
                            "display_text": "Actually, we do! It's the same sun for everyone.",
                            "voice_over_script": "Actually, we do! It's the same sun for everyone."
                        },
                        "option_b_response": {
                            "display_text": "We sure do! Everyone on Earth shares one sun.",
                            "voice_over_script": "We sure do! Everyone on Earth shares one sun."
                        }
                    },
                    "correct_option": "b"
                },
                "5": {
                    "question": {
                        "neutral": {
                            "display_text": "Does everyone in the world share the sun?"
                        },
                        "fun": {
                            "display_text": "Do kids in other countries play under the same sun as you?"
                        },
                        "grandmother": {
                            "display_text": "Does the same sun that shines on you also shine on children all over the world?"
                        }
                    },
                    "option_a": {
                        "display_text": "No, they have their own sun",
                        "voice_over_script": "No, they have their own sun"
                    },
                    "option_b": {
                        "display_text": "Yes, we all share it",
                        "voice_over_script": "Yes, we all share it"
                    },
                    "teaching_moments": {
                        "option_a_response": {
                            "display_text": "There is only one sun for our whole planet!",
                            "voice_over_script": "There is only one sun for our whole planet!"
                        },
                        "option_b_response": {
                            "display_text": "That's right! We all live under the same sun.",
                            "voice_over_script": "That's right! We all live under the same sun."
                        }
                    },
                    "correct_option": "a"
                },
                "8": {
                    "question": {
                        "neutral": {
                            "display_text": "Many cultures have stories about the..."
                        },
                        "fun": {
                            "display_text": "People all over the world have told cool stories about the..."
                        },
                        "grandmother": {
                            "display_text": "For thousands of years, people have shared wonderful stories about the..."
                        }
                    },
                    "option_a": {
                        "display_text": "Moon only",
                        "voice_over_script": "Moon only"
                    },
                    "option_b": {
                        "display_text": "Sun",
                        "voice_over_script": "Sun"
                    },
                    "teaching_moments": {
                        "option_a_response": {
                            "display_text": "There are many moon stories, but almost every culture has stories about the sun, too.",
                            "voice_over_script": "There are many moon stories, but almost every culture has stories about the sun, too."
                        },
                        "option_b_response": {
                            "display_text": "Yes! The sun is a hero in countless myths and legends.",
                            "voice_over_script": "Yes! The sun is a hero in countless myths and legends."
                        }
                    },
                    "correct_option": "b"
                },
                "12": {
                    "question": {
                        "neutral": {
                            "display_text": "The sun is a symbol of what, for all of humanity?"
                        },
                        "fun": {
                            "display_text": "What awesome idea does the sun represent for everyone on Earth?"
                        },
                        "grandmother": {
                            "display_text": "The sun shines on everyone, which makes it a beautiful symbol of what?"
                        }
                    },
                    "option_a": {
                        "display_text": "Something only some people can have",
                        "voice_over_script": "Something only some people can have"
                    },
                    "option_b": {
                        "display_text": "A shared experience that connects us all",
                        "voice_over_script": "A shared experience that connects us all"
                    },
                    "teaching_moments": {
                        "option_a_response": {
                            "display_text": "The sun is the opposite of exclusive - it shines on everyone.",
                            "voice_over_script": "The sun is the opposite of exclusive - it shines on everyone."
                        },
                        "option_b_response": {
                            "display_text": "Exactly. No matter where you are, it's the same sun, connecting us all.",
                            "voice_over_script": "Exactly. No matter where you are, it's the same sun, connecting us all."
                        }
                    },
                    "correct_option": "a"
                },
                "16": {
                    "question": {
                        "neutral": {
                            "display_text": "The sun has shone on every generation of humanity, connecting us to our..."
                        },
                        "fun": {
                            "display_text": "The same sun you see shined on dinosaurs and knights! It connects us to our..."
                        },
                        "grandmother": {
                            "display_text": "The same sun that warms you also warmed your ancestors, connecting you to your..."
                        }
                    },
                    "option_a": {
                        "display_text": "Future",
                        "voice_over_script": "Future"
                    },
                    "option_b": {
                        "display_text": "Past",
                        "voice_over_script": "Past"
                    },
                    "teaching_moments": {
                        "option_a_response": {
                            "display_text": "While it will shine on our future, it connects us to our shared past.",
                            "voice_over_script": "While it will shine on our future, it connects us to our shared past."
                        },
                        "option_b_response": {
                            "display_text": "Yes. It's a direct physical link to every human who has ever lived.",
                            "voice_over_script": "Yes. It's a direct physical link to every human who has ever lived."
                        }
                    },
                    "correct_option": "b"
                },
                "25": {
                    "question": {
                        "neutral": {
                            "display_text": "The sun's light illuminates everything equally, a metaphor for..."
                        },
                        "fun": {
                            "display_text": "The sun doesn't play favorites! This makes it a great symbol for..."
                        },
                        "grandmother": {
                            "display_text": "The sun shines its light on all of us equally, which is a lovely metaphor for..."
                        }
                    },
                    "option_a": {
                        "display_text": "Competition",
                        "voice_over_script": "Competition"
                    },
                    "option_b": {
                        "display_text": "Fairness and impartiality",
                        "voice_over_script": "Fairness and impartiality"
                    },
                    "teaching_moments": {
                        "option_a_response": {
                            "display_text": "The sun's equal light is a symbol of fairness, not competition.",
                            "voice_over_script": "The sun's equal light is a symbol of fairness, not competition."
                        },
                        "option_b_response": {
                            "display_text": "Perfect. It treats everyone the same, a powerful metaphor for impartiality.",
                            "voice_over_script": "Perfect. It treats everyone the same, a powerful metaphor for impartiality."
                        }
                    },
                    "correct_option": "a"
                },
                "40": {
                    "question": {
                        "neutral": {
                            "display_text": "Using solar calendars connects us to..."
                        },
                        "fun": {
                            "display_text": "What's a cool way that marking time by the sun connects us to history?"
                        },
                        "grandmother": {
                            "display_text": "When we look at calendars based on the sun, we are connecting with..."
                        }
                    },
                    "option_a": {
                        "display_text": "Modern technology",
                        "voice_over_script": "Modern technology"
                    },
                    "option_b": {
                        "display_text": "Our ancestors",
                        "voice_over_script": "Our ancestors"
                    },
                    "teaching_moments": {
                        "option_a_response": {
                            "display_text": "Solar calendars are actually an ancient technology connecting us to our ancestors.",
                            "voice_over_script": "Solar calendars are actually an ancient technology connecting us to our ancestors."
                        },
                        "option_b_response": {
                            "display_text": "Yes. For thousands of years, humans have marked time by the sun's cycles.",
                            "voice_over_script": "Yes. For thousands of years, humans have marked time by the sun's cycles."
                        }
                    },
                    "correct_option": "b"
                },
                "60": {
                    "question": {
                        "neutral": {
                            "display_text": "The shared experience of the sun can foster a sense of..."
                        },
                        "fun": {
                            "display_text": "Knowing everyone sees the same sun can make you feel more..."
                        },
                        "grandmother": {
                            "display_text": "Knowing that we all share the same sun can build a sense of..."
                        }
                    },
                    "option_a": {
                        "display_text": "Separation",
                        "voice_over_script": "Separation"
                    },
                    "option_b": {
                        "display_text": "Global community",
                        "voice_over_script": "Global community"
                    },
                    "teaching_moments": {
                        "option_a_response": {
                            "display_text": "On the contrary, the shared sun is a powerful symbol of our connection.",
                            "voice_over_script": "On the contrary, the shared sun is a powerful symbol of our connection."
                        },
                        "option_b_response": {
                            "display_text": "It certainly can. It reminds us that we all share one planet.",
                            "voice_over_script": "It certainly can. It reminds us that we all share one planet."
                        }
                    },
                    "correct_option": "a"
                },
                "80": {
                    "question": {
                        "neutral": {
                            "display_text": "The sun as a constant can put our own challenges into..."
                        },
                        "fun": {
                            "display_text": "When you think about how long the sun has been around, it makes your own problems feel..."
                        },
                        "grandmother": {
                            "display_text": "Thinking of the sun's long and steady life can help put our own worries into..."
                        }
                    },
                    "option_a": {
                        "display_text": "Focus",
                        "voice_over_script": "Focus"
                    },
                    "option_b": {
                        "display_text": "Perspective",
                        "voice_over_script": "Perspective"
                    },
                    "teaching_moments": {
                        "option_a_response": {
                            "display_text": "It can actually help us move our focus away from our worries and see the bigger picture.",
                            "voice_over_script": "It can actually help us move our focus away from our worries and see the bigger picture."
                        },
                        "option_b_response": {
                            "display_text": "Exactly. Our personal timelines are short, but the sun is a constant, putting things in perspective.",
                            "voice_over_script": "Exactly. Our personal timelines are short, but the sun is a constant, putting things in perspective."
                        }
                    },
                    "correct_option": "b"
                },
                "102": {
                    "question": {
                        "neutral": {
                            "display_text": "The sun is a daily reminder that we are all part of..."
                        },
                        "fun": {
                            "display_text": "The sun proves we're all part of one big, amazing..."
                        },
                        "grandmother": {
                            "display_text": "Every sunrise is a gentle reminder that we are all part of..."
                        }
                    },
                    "option_a": {
                        "display_text": "Separate, individual stories",
                        "voice_over_script": "Separate, individual stories"
                    },
                    "option_b": {
                        "display_text": "A shared, universal system",
                        "voice_over_script": "A shared, universal system"
                    },
                    "teaching_moments": {
                        "option_a_response": {
                            "display_text": "While our stories are individual, the sun reminds us we're part of one universal system.",
                            "voice_over_script": "While our stories are individual, the sun reminds us we're part of one universal system."
                        },
                        "option_b_response": {
                            "display_text": "Yes. We are all connected, under the same sun, in the same grand system.",
                            "voice_over_script": "Yes. We are all connected, under the same sun, in the same grand system."
                        }
                    },
                    "correct_option": "a"
                }
            }
        }
    },
    "wisdom_phase_content": {
        "fortune": {
            "neutral": {
                "display_text": "Your understanding of the sun connects you to the vast and powerful universe.",
                "voice_over_script": "Your understanding of the sun... connects you to the vast and powerful universe."
            },
            "fun": {
                "display_text": "You've got sunshine superpowers! Your connection to the big picture will help you shine bright today!",
                "voice_over_script": "You've got sunshine superpowers! Your connection to the big picture will help you shine bright today!"
            },
            "grandmother": {
                "display_text": "Dear one, remember that the same light that powers the sun also shines within you. You are connected to everything.",
                "voice_over_script": "Dear one, remember that the same light that powers the sun also shines within you. You are connected to everything."
            }
        }
    }
}